adidas.apk,https://www.adidas.com
adobescan.apk,https://acrobat.adobe.com/us/en/mobile/scanner-app.html
adobesketch.apk,https://www.adobe.com/products/sketch.html
adobesparkpost.apk,https://spark.adobe.com/
airbnb.apk,https://www.airbnb.com/
air.com.hypah.io.slither.apk,http://slither.io/
air.com.myheritage.mobile.apk,https://www.myheritage.com/mobile
ai.replika.app.apk,https://replika.ai/
air.thix.sciencesense.beaker.apk,http://thix.co/beaker
aliexpress.apk,https://www.aliexpress.com/
Allegiant.apk,https://www.allegiantair.com/
AllScreen.apk,https://www.rokuguide.com/channels/all-screen-receiver
amazonprimevideo.apk,https://www.primevideo.com/
amazonshopping.apk,https://www.amazon.com/
amtrak.apk,https://www.amtrak.com
ancestry.apk,https://www.ancestry.com
AndroidAuto.apk,https://www.android.com
AnyConnect.apk,https://www.cisco.com/c/en/us/products/security/anyconnect-secure-mobility-client/index.html
AutoGravity.apk,https://www.autogravity.com/
autozone.apk,https://www.autozone.com/
Babycare.apk,https://www.buybuybaby.com/store/brand/baby-care/2753/
BabyTracker.apk,http://nighp.com/babytracker/?babytracker
backgammon.apk,https://www.247backgammon.org/
bestbuy.apk,https://www.bestbuy.com/
BioLife.apk,https://biolifeplasma.com/us/#/
Birdenjoytheride.apk,https://www.bird.co/
Bleacherreport.apk,https://bleacherreport.com/
Booksy.apk,https://booksy.com/en-us/
box.apk,https://www.box.com
burgerking.apk,https://www.bk.com/
camscanner.apk,https://www.camscanner.com/
Canvasgraphic.apk,https://www.canva.com/
Cardboard.apk,https://app.cardboardit.com/
Cars.apk,https://www.cars.com/
ca.shaw.android.selfserve.apk,https://signin.shaw.ca/idp/SSO.saml2
cc.dict.dictcc.apk,https://www.dict.cc/
chickfila.apk,https://www.chick-fil-a.com/
chipotle.apk,https://www.chipotle.com/
ch.protonmail.android.apk,https://protonmail.com/
co.hinge.app.apk,https://hinge.co/
Collectbywetransfer.apk,https://collect.wetransfer.com/
com.aa.android.apk,https://www.aa.com/i18n/travel-info/travel-tools/american-airlines-app.jsp
com.abaenglish.videoclass.apk,https://www.abaenglish.com/en/online-english-course/sections/videoclasses/
com.abcya.android.games.apk,https://www.abcya.com/
com.adobe.adobephotoshopfix.apk,https://www.adobe.com/products/fix.html
com.adobe.comp.apk,https://www.adobe.com/products/comp.html
com.adobe.photoshopmix.apk,https://www.adobe.com/products/mix.html
com.adobe.premiereclip.apk,https://www.adobe.com/products/premiere-clip.html
com.adobe.reader.apk,https://get.adobe.com/reader/
com.adobe.spark.post.apk,https://spark.adobe.com/
com.aim.racing.apk,https://www.aim-sportline.com/
com.airasia.mobile.apk,https://www.airasia.com
com.airbnb.android.apk,https://www.airbnb.com/
com.ajnsnewmedia.kitchenstories.apk,https://www.kitchenstories.com/en
com.alien.shooter.galaxy.attack.apk,https://store.steampowered.com
com.amanotes.beathopper.apk,https://amanotes.com/
com.amazon.aws.console.mobile.apk,https://aws.amazon.com/console/
com.amazon.sellermobile.android.apk,https://sellermobile.com/
com.amtrak.rider.apk,https://www.amtrak.com
com.andromo.dev.app.apk,https://www.andromo.com/en/
com.animoto.android.videoslideshow.apk,https://animoto.com/
com.anydo.apk,https://www.any.do/
com.appgenix.bizcal.apk,http://www.appgenix-software.com/
com.appxy.planner.apk,http://www.appxy.com
com.archanaskitchen.app.apk,https://www.archanaskitchen.com/
com.artivive.apk,https://artivive.com/
com.asana.app.apk,https://asana.com/
com.atistudios.mondly.languages.apk,https://www.mondly.com/
com.audible.application.apk,https://www.audible.com
com.audiobooks.androidapp.apk,https://www.audiobooks.com/
com.autopten.cheapcarsforsale.apk,http://www.autopten.com/
com.autoscout.apk,https://www.autoscout24.com/
com.azure.authenticator.apk,https://docs.microsoft.com/en-us/azure/app-service/overview-authentication-authorization
com.babbel.mobile.android.en.apk,https://www.babbel.com/mobile
com.babycenter.pregnancytracker.apk,https://www.babycenter.com
com.bagatrix.mathway.android.apk,https://www.mathway.com
com.bandainamcoent.google.pacralph.apk,https://www.bandainamcoent.com/
com.baseapp.eyeem.apk,https://www.baseapp.com
com.baskinrobbins.app.apk,https://www.baskinrobbins.com
com.beautystack.app.apk,https://www.beautystack.com/
com.benqu.wuta.apk,https://www.benq.com
com.betterhelp.apk,https://www.betterhelp.com/
com.biketownpdx.apk,https://www.biketownpdx.com/
com.bizzabo.client.apk,https://www.bizzabo.com/
com.blendr.mobile.apk,https://blendr.com/
com.blizzard.wtcg.hearthstone.apk,https://playhearthstone.com/en-us/
com.bodbot.trainer.apk,https://www.bodbot.com
com.bodybuilding.mobile.apk,https://www.bodybuilding.com/
com.boi.mpay.apk,https://www.boipa.com/
com.booking.apk,https://www.booking.com/
com.bookmate.apk,https://bookmate.com/
com.bookmysaloon.apk,https://bookmysaloon.co/
com.boostedproductivity.app.apk,https://www.boostedproductivity.com/
com.bottledapp.bottled.apk,http://bottledapp.com/
com.box.android.apk,https://www.box.com
com.brainfm.app.apk,https://brain.fm/
com.brave.browser.apk,https://brave.com/
com.brighthouse.mybhn.apk,https://www.brighthousefinancial.com/
com.britishcouncil.ieltsprep.apk,https://takeielts.britishcouncil.org/take-ielts/prepare
com.brother.mfc.brprint.apk,https://www.brother-usa.com
com.browsec.vpn.apk,https://browsec.com/en/
com.bytestorm.artflow.apk,http://artflowstudio.com/
com.cabify.rider.apk,https://cabify.com/en
com.cake.browser.apk.part,https://cakebrowser.com/
com.callapp.contacts.apk,https://callapp.com/
com.calm.android.apk,https://www.calm.com/
com.canva.editor.apk,https://www.canva.com/
com.carmax.carmax.apk,https://www.carmax.com/
com.carpart.classic.apk,http://car-part.com/se/links/classicautoparts.htm
com.cars.android.apk,https://www.android.com/auto/
com.cbs.app.apk,https://www.cbs.com/all-access/
com.cf.flightsearch.apk,https://www.cheapflights.com/
com.changecollective.tenpercenthappier.apk,https://www.tenpercent.com/
com.chatrmobile.mychatrapp.apk,https://mychart.ochin.org/mychart/
com.cisco.connect.cloud.apk,https://www.cnet.com
com.cisco.wx.android.apk,https://www.cisco.com
com.ck.apk,https://www.calvinklein.com
com.clapfootgames.laserwarsfree.apk,https://www.clapfootgames.com/
com.classdojo.android.apk,https://www.classdojo.com/
com.cleartrip.android.apk,https://www.cleartrip.com/
com.cloudflare.onedotonedotonedotone.apk,https://www.cloudflare.com
com.cloudmosa.puffinfree.apk,https://www.puffin.com/
com.comus.soccerspirits.normal.freefull.google.global.android.common.apk,https://www.reddit.com
com.concretesoftware.rapala.apk,https://concretesoftware.com
com.concur.breeze.apk,https://www.concur.com/newsroom/article/welcome-to-concur-breeze
com.coolmobilesolution.fastscannerfree.apk,http://coolmobilesolution.com/
com.couchsurfing.mobile.android.apk,https://www.couchsurfing.com/
com.creditkarma.mobile.apk,https://www.couchsurfing.com/
com.crewapp.android.crew.apk,https://www.home.crewapp.com/
com.cribasoft.hourstrackerfree.android.apk,https://www.hourstrackercloud.com/
com.crowdscores.crowdscores.apk,https://crowdscores.com/
com.cuvora.carinfo.apk,https://www.cuvora.com/
com.cyberlink.photodirector.apk,https://www.cyberlink.com/products/photodirector-photo-editing-software/features_en_US.html
com.cyberlink.powerdirector.dra..apk,https://www.cyberlink.com/products/powerdirector-video-editing-software/features_en_US.html
com.cyberlink.youcammakeup.apk,https://www.cyberlink.com/learning/selfie/product/youcam-makeup
com.cyberlink.youperfect.apk,https://www.perfectcorp.com
com.cybrary.cybrary.apk,https://www.cybrary.it/
com.cyo.comicrack.viewer.free.apk,http://comicrack.cyolito.com/
com.dailyyoga.inc.apk,https://www.dailyyoga.com/
com.dataviz.docstogo.apk,https://dataviz.com
com.dd.doordash.apk,https://www.doordash.com/
com.delta.mobile.android.apk,https://www.delta.com
com.digibites.calendar.apk,https://digibites.nl/
com.digitalchemy.currencyconverter.apk,https://www.digitalchemy.us/
com.direwolfdigital.phoenix.apk,https://www.direwolfdigital.com/
com.discord.apk,https://discordapp.com/
com.disruptorbeam.startrektimelines.apk,https://www.disruptorbeam.com/
com.dominospizza.apk,https://www.dominos.com/en/
com.domobile.applock.apk,https://www.domobile.com
com.drawit.apk,https://www.postersw.com/drawit.html
com.dreamonstudios.bouncybasketball.apk,https://dreamonstudios.com/
com.driivz.mobile.android.evgo.driver.apk,https://driivz.com
com.driversnote.driversnote.apk,https://www.driversnote.com/
com.dropbox.android.apk,https://www.dropbox.com/
com.dublinbus.wearei3.apk,https://www.dublinbus.ie/
com.duckduckgo.mobile.android.apk,https://duckduckgo.com/
com.duckduckmoosedesign.km.apk,http://www.duckduckmoose.com/
com.duolingo.apk,https://www.duolingo.com/
com.duolingo.tinycards.apk,https://tinycards.duolingo.com/
com.ea.game.maddenmobile.row.apk,https://madden-mobile.en.aptoide.com
com.ea.scrabblefree.na.apk,https://www.ea.com/news/scrabble-free-available-on-android?isLocalized=true
com.ecosia.android.apk,https://info.ecosia.org
com.ef.efhello.apk,https://www.efhello.com
com.egencia.app.apk,https://info.egencia.com
com.eharmony.apk,https://www.eharmony.com
com.ehi.enterprise.android.apk,https://esper.io
com.eightfit.app.apk,https://8fit.com/
com.elsayad.footballfixtures.apk,https://football-fixtures.fileplanet.com
com.endomondo.android.apk,https://www.endomondo.com/
com.energizedsw.flashcardmathfree.apk,http://energizedsw.com
com.enflick.android.textnow.apk,https://vulners.com
com.englishscore.apk,https://www.englishscore.com/
com.enki.insights.apk,https://www.enki.com/
com.etatransit.apk,http://etatransit.com/
com.etsy.android.soe.apk,https://www.etsy.com
com.eventbrite.organizer.apk,https://www.eventbrite.com/
com.expedia.bookings.apk,https://www.expedia.com
com.expressvpn.vpn.apk,https://www.expressvpn.com
com.eyewind.paperone.apk,https://paperone.en.aptoide.com/
com.facebook.adsmanager.apk,https://www.facebook.com/business/tools/ads-manager
com.fandango.apk,https://www.fandango.com
com.farmersonly.android.apk,https://www.farmersonly.com/
com.fatsecret.android.apk,https://www.fatsecret.com/
com.feverup.fever.apk,https://feverup.com/
com.fgol.HungrySharkEvolution.apk,https://www.ubisoft.com/en-us/game/hungry-shark-evolution
com.fifa.fifaapp.android.apk,https://www.fifa.com
com.fingersoft.hcr2.apk,https://fingersoft.com/
com.fitbit.fitbitmobile.apk,https://www.fitbit.com
com.fitnesskeeper.runkeeper.pro.apk,https://runkeeper.com
com.fitnow.loseit.apk.part,https://www.loseit.com/
com.fitplanapp.fitplan.apk,https://www.fitplanapp.com/
com.fivebyte.lifeisagame.apk,https://www.fivebytestudios.com
com.fiverr.fiverr.apk,https://www.fiverr.com
com.flightaware.android.liveflighttracker.apk,https://flightaware.com/
com.flightradarfree.apk,https://flightradar.live/en/
com.foap.android.apk,https://www.foap.com
com.fooducate.nutritionapp.apk,https://www.fooducate.com/
com.footej.camera.apk,http://footej.com/
com.fourdesire.fortunecity.apk,http://fourdesire.com/
com.fourdesire.plantnanny.apk,http://fourdesire.com/
com.foxsports.android.apk,https://www.foxsports.com/
com.fp.cheapoair.apk,https://www.cheapoair.com
com.freelancer.android.messenger.apk,https://www.freelancer.com/
com.freeletics.lite.apk,https://www.freeletics.com/
com.freevpnintouch.apk,https://www.vpnintouch.com/
com.fromthebenchgames.nbamanager.apk,http://www.fromthebenchgames.com/
com.ftxgames.cmdd.apk,https://ftxgames.com/
com.funeasylearn.languages.apk,http://www.funeasylearn.com/
com.fws.plantsnap.apk,https://www.plantsnap.com/
com.fyusion.fyuse.apk,https://fyusion.com/
com.galvanizetestprep.vocabbuilder.apk,https://galvanizetestprep.com/
com.gamegou.football.apk,http://new.gamegou.com/
com.gamestop.powerup.apk,https://www.gamestop.com/
com.giffgaffmobile.controller.apk,https://www.giffgaff.com/
com.gif.gifmaker.apk,https://gifmaker.me/
com.girnarsoft.bikedekho.apk,http://girnarsoft.com/
com.girnarsoft.cardekho.apk,http://girnarsoft.com/
com.glassdoor.app.apk,https://www.glassdoor.com/
com.goethe.f50languages.apk,https://www.goethe-verlag.com/
com.goldenfrog.vyprvpn.app.apk,https://www.vyprvpn.com
com.goldstar.apk,https://www.goldstar.com
com.goodbarber.musclematics.apk,https://www.goodbarber.com/
com.goodreads.apk,https://www.goodreads.com/
com.goodwood.apk,https://www.goodwood.com/
com.gotokeep.keep.intl.apk,https://www.keepkeep.com/
com.grability.rappi.apk,https://www.grability.com/
com.groundspeak.geocaching.intro.apk,https://www.geocaching.com/
com.groupme.android.apk,https://groupme.com/
com.growitmobile.growit.apk,https://www.growitmobile.com/
com.grubhub.android.apk,https://www.grubhub.com/
com.grubox.consumerapp.apk,https://www.grubox.in/
com.grymala.arplan.apk,https://www.grymala.by/
com.grymala.aruler.apk,https://www.grymala.by/
com.gucci.gucciapp.apk.part,https://www.gucci.com/
com.gurushots.app.apk,https://gurushots.com/
com.halfbrick.fruitninjafree.apk,https://halfbrick.com/
com.halftonepix.app.apk,http://halftonepix.com/
com.handycloset.android.eraser.apk,http://www.handycloset.com/
com.handycloset.android.jpeg.apk,http://www.handycloset.com/
com.handycloset.android.photolayers.apk,http://www.handycloset.com/
com.happify.happifyinc.apk,https://www.happify.com/
com.hcom.android.apk,https://finance.harvard.edu/
com.hdteam.zglitch.apk,https://glitch.com/teams/
com.healthifyme.basic.apk,https://www.healthifyme.com/
com.hecmo.app.apk,https://hecmo.com
com.hellotalk.apk,https://www.hellotalk.com/
com.here.app.maps.apk,https://www.here.com/
com.hidemyass.hidemyassprovpn.apk,https://www.hidemyass.com/
com.hilton.android.hhonors.apk,https://www.hilton.com/
com.hirevue.candidate.generic.apk,https://www.hirevue.com/
com.hitchplanet.android.apk,https://www.poparide.com/
com.hobbylobbystores.android.apk,https://www.hobbylobby.com/
com.honkmobile.apk,https://www.honkmobile.com/
com.hoopladigital.android.apk,https://www.honkmobile.com/
com.hopper.mountainview.play.apk,https://www.fws.gov/
com.horos.horos.apk,https://horosproject.org/
com.houzz.app.apk,https://www.houzz.com/
com.hqgames.pencil.sketch.photo.apk,https://hqbuff.com/
com.hubilo.gamerconnect.apk,https://www.hubilo.com/
com.hyatt.hyt.apk,https://www.hyatt.com/
com.hyperionics.avar.apk,https://www.hyperionics.com/
com.ichi2.anki.apk,https://apps.ankiweb.net/
com.iexamguru.dmv.practice.test.apk,https://driving-tests.org/
com.igg.android.mobileroyale.apk,https://mobileroyale.igg.com/
com.ilixa.ebp.apk,http://ilixa.com/
com.ilixa.mirror.apk,http://ilixa.com/
com.indeed.androidemployers.apk,https://www.indeed.com/hire
com.indeed.android.jobsearch.apk,https://www.indeed.com/q-Indeed-jobs.html
com.indiamart.m.apk,https://www.indiamart.com/
com.infraware.office.link.apk,https://www.polarisoffice.com/
com.inkitt.android.hermione.apk,https://www.inkitt.com/
com.inkling.android.apk,https://www.inkling.com/
com.innogames.foeandroid.apk,https://en.forgeofempires.com/
com.inspiredandroid.linuxcommandbibliotheca.apk,http://linuxcommandlibrary.com/
com.instructure.candroid.apk,https://community.canvaslms.com/
com.internet.speed.meter.lite.apk,http://www.internetspeedtest.co.in/
com.intsig.camscanner.apk,https://www.camscanner.com/
com.intuit.intuitgopayment.apk,https://quickbooks.intuit.com/
com.intuit.turbotax.mobile.apk,https://turbotax.intuit.com/
com.invoicehome.invoicehome.apk,https://invoicehome.com/
com.ipsy.mobile.production.apk,https://www.ipsy.com/
com.iseecars.android.app.apk,https://www.iseecars.com/
com.iseecars.android.vin.apk,https://www.iseecars.com/vin
com.itworks.android.boom.apk,https://www.itworks.com/
com.iudesk.android.photo.editor.apk,https://www.iudesk.com/
com.ixigo.apk,https://www.ixigo.com/
com.ixigo.train.ixitrain.apk,https://www.ixigo.com/trains
com.ixolit.ipvanish.apk,https://www.ipvanish.com/
com.jaumo.mature.apk,https://www.jaumo.com/
com.jetairways.apk,https://www.jetairways.com/
com.jetblue.jetblueandroid.apk,https://www.jetblue.com/
com.jeyluta.timestampcamerafree.apk,http://www.timestampcamera.com/
com.joeware.android.gpulumera.apk,https://www.jp-brothers.com/
com.jotterpad.x.apk,https://2appstudio.com/jotterpad/
com.jsdev.instasize.apk,https://instasize.com/
com.july.univision.apk,https://corporate.univision.com
com.justdial.search.apk,https://www.justdial.com/
com.kajda.fuelio.apk,https://www.fuel.io/
com.kakao.cheez.apk,https://cheez.kakao.com/
com.kayak.android.apk,https://www.kayak.com/mobile
com.kemasdimas.wristcamera.apk,https://kemasdimas.com/wristcamera-coupon/
com.kitabsawti.kitabsawti.apk,https://kitabsawti.com/en/
com.knudge.me.apk,http://knudge.me/
com.kodakalaris.kodakmomentsapp.apk,https://www.kodakmomentsapp.com/
com.kongregate.mobile.adventurecapitalist.google.apk,https://www.kongregate.com/forums/4721-general/topics/470182-adventure-capitalist-mobile-version
com.labs.merlinbirdid.app.apk,https://merlin.allaboutbirds.org
com.ladytimer.ovulationcalendar.apk,https://ladytimer.com/
com.laneone.consumer.apk,https://www.laneone.com/careers?bzid=979077a745e9
com.languagedrops.drops.international.apk,https://languagedrops.com/press
com.LardGames.PeachBlood.apk,http://lardgames.com/?page_id=71
com.learninga_z.onyourown.apk,https://www.learninga-z.com/site/products/kidsa-z/mobile-app
com.learninglabs.flashsticks.apk,https://flashsticks.com/
com.lebara.wallet.apk,https://mobile.lebara.com/gb/en/mylebara
com.lego.duplo.trains.apk,https://www.lego.com/en-us/product/steam-train-10874
com.lemon.faceu.oversea.apk,https://lemon-faceu-oversea.en.uptodown.com/android
com.lensdistortions.ld.apk,https://lensdistortions.com/mobile/
com.lezhin.comics.apk,https://www.lezhin.com/en
com.lge.lifetracker.apk,https://lge-lifetracker.en.uptodown.com/android
com.life.android.safetymapd.apk,https://www.life360.com/
com.lifehack.life.hack.apk,https://www.lifehack.org/
com.lightricks.facetune.free.apk,https://www.lightricks.com/
com.linecorp.b612.android.apk,https://line.me/en/
com.linecorp.b.android.apk,https://line.me/en/
com.linecorp.foodcam.android.apk,https://linecorp.com/en/pr/news/en/2016/1236
com.linecorp.linelite.apk,https://linecorp.com/en/pr/news/en/2015/1035
com.lingodeer.apk,https://www.lingodeer.com/
com.linguee.linguee.apk,https://www.linguee.com/
com.link.autolink.apk,https://www.theautolink.com/
com.littlecaesars.apk,https://littlecaesars.com/en-us/
com.livesoccertv.apk,https://live-soccer-tv.fileplanet.com/apk
com.livestrong.tracker.apk,https://www.livestrong.com/myplate/
com.livingabook.theartofwar.apk,https://livingabook.com/
com.logmein.joinme.apk,https://www.logmein.com/pro/lp/sem-vert
com.logopit.logoplus.apk,https://logopit.net/
com.lomotif.android.apk,https://www.lomotif.com/
com.lonelyplanet.guides.apk,https://www.lonelyplanet.com/guides
com.loomatix.colorgrab.apk,http://www.loomatix.com/
com.loopsie.android.apk,http://www.loopsie.it/
com.lowes.android.apk,https://www.lowes.com/
com.lufthansa.android.lufthansa.apk,https://www.lufthansa.com
com.lulo.scrabble.classicwords.apk,https://classicwords.net/
com.lvluplife.lvluplife.apk,https://lvluplife.com/
com.lynda.android.root.apk,https://www.lynda.com/apps/android
com.lyrebirdstudio.art.apk,https://lyrebirdstudio.net/
com.magmamobile.game.words.apk,https://www.magmamobile.com
com.manateeworks.barcodescanners.apk,https://manateeworks.com/
com.manualslib.app.apk,https://www.manualslib.com/
com.mapbox.mapboxandroiddemo.apk,https://www.mapbox.com/
com.mapmyride.android.apk,https://www.mapmyride.com/app/android/
com.mapmyrun.android.apk,https://www.mapmyrun.com/app/android/
com.mapmywalk.android.apk,https://www.mapmywalk.com/app/android/
com.mapswithme.maps.pro.apk,https://maps.me/
com.marketplace.classiccars.apk,https://classiccars.com/
com.marriott.mrt.apk,https://www.marriott.com/
com.marvel.comics.apk,https://www.marvel.com/
com.marvel.unlimited.apk,https://www.marvel.com/comics/unlimited
com.match.android.matchmobile.apk,https://www.match.com/help/mobile
com.mbwasi.philosophia.apk,https://philosophia.en.aptoide.com/
com.mcdonalds.app.apk,https://www.mcdonalds.com
com.mealime.apk,https://www.mealime.com/
com.medibang.android.paint.tablet.apk,https://medibangpaint.com/en/android/
com.mediocre.smashhit.apk,http://www.mediocre.se/category/smash-hit/
com.memrise.android.memrisecompanion.apk,https://www.memrise.com/apps/
com.merkuryinnovations.geeni.apk,https://merkuryinnovations.com/brand/geeni/
com.merriamwebster.apk,https://www.merriam-webster.com/
com.meural.Meural.apk,https://www.meural.com/
com.mhrd.ndl.apk,https://ndl.iitkgp.ac.in/
com.mhriley.spendingtracker.apk,https://spending-tracker.en.softonic.com/
com.mi.athleanx.apk,https://athleanx.com/
com.microblink.photomath.apk,https://www.photomath.net/
com.microsoft.bing.apk,https://www.bing.com/
com.microsoft.hyperlapsemobile.apk,https://www.microsoft.com
com.microsoft.office.onenote.apk,https://www.onenote.com/
com.microsoft.teams.apk,https://teams.microsoft.com/start
com.miniclip.topskater.apk,https://www.miniclip.com
com.ministrycentered.planningcenter.apk,https://ministrycentered.wordpress.com/author/ministrycentered/
com.mizuvoip.mizudroid.app.apk,https://www.mizu-voip.com
com.mkarpenko.worldbox.apk,http://www.mkarpenko.org/
com.moasure.moasure.apk,https://www.moasure.com/
com.mobisystems.mobiscanner.apk,https://www.mobisystems.com
com.mobisystems.office.apk,https://www.mobisystems.com
com.mobisystems.ubreader_west.apk,https://www.mobisystems.com
com.mobisystems.ubreader.west.apk,https://www.mobisystems.com
com.modiface.virtualmakeover.apk,http://modiface.com/
com.moiseum.dailyart.apk,https://www.getdailyart.com/
com.momondo.flightsearch.apk,https://www.momondo.com/
com.moodtools.breatheeasy.apk,http://www.moodtools.org/
com.motorola.camera.apk,https://www.motorola.com
com.motorola.cameramod.apk,https://www.motorola.com
com.motorola.fmplayer.apk,https://www.motorola.com
com.motorola.genie.apk,https://www.motorola.com
com.motorola.motgallery.apk,https://www.motorola.com
com.motorola.motodisplay.apk,https://www.motorola.com
com.movoto.movoto.apk,https://www.movoto.com/
com.mta.mobileapp.apk,http://web.mta.info/apps/
com.mttnow.droid.easyjet.apk,https://easyjet.en.aptoide.com/
com.myfitnesspal.android.apk,https://www.myfitnesspal.com/mobile/android
com.my.mail.apk,https://mymail.my.com/
com.my.onlinevarsity.apk,https://www.onlinevarsity.com/
com.myzap.cb.apk,https://new.myzap.com/
com.napaonline.napaknowhow.apk,https://www.napaonline.com/en/knowhow
com.naver.linewebtoon.apk,https://www.webtoons.com/en/
com.navitime.inbound.walk.apk,http://corporate.navitime.co.jp
com.ncconsulting.skipthedishes.android.apk,https://www.skipthedishes.com/
com.nearify.android.apk,https://www.nearify.com/
com.neeltech.icent.apk,https://www.icentapp.com/
com.newegg.app.apk,https://www.newegg.com/mobile
com.nianticlabs.pokemongo.apk,https://nianticlabs.com/support/pokemongo/
com.nibbleapps.fitmencook.apk,https://nibbleapps.com/portfolio/fit-men-cook/
com.nike.ntc.apk,https://www.nike.com
com.nike.plusgps.apk,https://www.nike.com
com.nikon.snapbridge.cmru.apk,https://www.nikonusa.com
com.nikon.wu.wmau.apk,https://www.nikonusa.com
com.nithra.nithraresume.apk,https://www.nithra.mobi
com.nithra.resume.apk,http://apps.nithra.in
com.nnacres.app.apk,https://www.99acres.com/
com.noodlecake.altosodyssey.apk,https://noodlecake.com/games/altos-odyssey/
com.nordvpn.android.apk,https://nordvpn.com/country/usa/
com.nutritionix.nixtrack.apk,https://www.nutritionix.com/
com.nyxcosmetics.nyx.apk,https://www.nyxcosmetics.com/new
com.ocoder.ielts.reading.listening.writing.apk,https://www.ielts.org
com.okcupid.okcupid.apk,https://www.okcupid.com/
com.olioex.android.apk,https://olioex.com/
com.oneq.askvert.apk,https://1q.com/
com.oodles.download.free.ebooks.reader.apk,https://oodlesbooks.com/
com.opera.browser.beta.apk,https://www.opera.com/computer/beta
com.outfit7.mytalkingangelafree.apk,https://outfit7.com/apps/my-talking-angela/
com.outfit7.talkinggingerfree.apk,https://outfit7.com/apps/talking-ginger/
com.overdrive.mobile.android.libby.apk,https://meet.libbyapp.com/
com.overlook.android.fing.apk,https://www.fing.com/
com.overwolf.statsroyale.apk,https://statsroyale.com/
com.ovuline.fertility.apk,https://www.oviahealth.com/
com.ovuline.pregnancy.apk,https://www.oviahealth.com/
com.oxfordappdevelopment.unuhi.apk,http://oxfordappdevelopment.com/
com.oyo.consumer.apk,https://mobileapp.oyorooms.com/
com.pacificalabs.pacifica.apk,https://www.sanvello.com/
com.pandora.android.apk,https://www.pandora.com/everywhere
com.parking.game.apk,https://www.parkinggames.com/
com.particlenews.newsbreak.apk,http://www.newsbreakapp.com/
com.paulaschoice.beautypedia2.apk,https://www.paulaschoice.com/ingredient-dictionary/preservatives/bronopol.html
com.penzu.android.apk,https://penzu.com/
com.peoplefun.wordstacks.apk,https://www.peoplefun.com/
com.peoplemedia.blackpeoplemeet.apk,https://www.blackpeoplemeet.com/
com.personalityperfect.app.apk,https://www.personalityperfect.com/personalitymatch-app/
com.pescapps.BrainGames.apk,http://www.pescapps.com/
com.photoaffections.freeprints.apk,https://www.photoaffections.com/
com.photolab.photoeffects.apk,https://photolab.me/
com.photomyne.apk,https://photomyne.com/
com.picmax.cupace.apk,https://cupace.rs.aptoide.com/
com.picsart.animate.apk,https://picsart.com
com.pineconesoft.petrolspy.apk,https://petrolspy.en.aptoide.com/
com.pinkpointer.wordsearch.apk,http://www.pinkpointer.com/project/word-search/
com.pixabay.pixabayapp.apk,https://pixabay.com/images/search/app/
com.pixelberrystudios.choices.apk,https://www.pixelberrystudios.com/
com.playgendary.kickthebuddy.apk,https://www.playgendary.com/kick-the-buddy/
com.playgendary.tanks.apk,https://www.playgendary.com/tank-shock/
com.playgendary.tom.apk,https://www.playgendary.com/
com.pnc.ecommerce.mobile.apk,https://www.pnc.com/en/customer-service/mobile-app-directory.html
com.popreach.dumbways.apk,https://popreach.com/games/dumb-ways-to-die/
com.powerschool.portal.apk,https://www.powerschool.com/
com.pratilipi.mobile.android.apk,https://pratilipi.com/
com.prepear.android.apk,https://www.prepear.com/
com.prestigio.ereader.apk,http://uk.prestigio.com/info/apps
com.pret.pret.android.app.apk,https://www.pret.com/en-us/app
com.priceline.android.negotiator.apk,https://www.priceline.com/mobile-app
com.protonvpn.android.apk,https://protonvpn.com/support/android-vpn-setup/
com.psiphon.subscription.apk,https://www.psiphon3.com/
com.pzizz.android.apk,https://pzizz.com/
com.quasarframework.quasarplay.apk,https://v0-14.quasar-framework.org/guide/quasar-play-app.html
com.quizlet.quizletandroid.apk,https://quizlet.com/mobile
com.rapido.passenger.apk,https://www.rapidotrains.com
com.rapido.rider.apk,https://rapido.bike/
com.rarlab.rar.apk,http://www.rarlab.com/
com.rbc.mobile.android.apk,https://www.rbcroyalbank.com
com.reader.books.apk,https://www.readersbooks.com/
com.recloak.littlealchemy2.apk,https://littlealchemy2.com/
com.relevantmobile.texasroadhouse.apk,https://texasroadhouse.relevantmobile.com/
com.remente.app.apk,https://www.remente.com/
com.remind101.apk,https://www.remind.com/
com.remitano.remitano.apk,https://remitano.com/
com.rere.android.flying_lines.apk,https://www.flying-lines.com/
com.rndapp.mtamap.apk,http://web.mta.info
com.roblox.client.apk,https://www.roblox.com/library/328702453/com-roblox-client
com.roku.view.apk,https://www.roku.com/whats-on
com.rovio.BadPiggies.apk,https://www.rovio.com/channel/bad-piggies
com.runtastic.android.apk,https://www.runtastic.com/en/mediacenter/corporate-assets/english/app-screenshots/results/android
com.ryanair.cheapflights.apk,https://www.ryanair.com/us/en/cheap-flights
com.ryzerobotics.tello.apk,https://www.ryzerobotics.com/mobile/tello
com.sallybeauty.shop.apk,https://www.sallybeauty.com/
com.sand.airdroid.apk,https://www.airdroid.com/
com.sas.basketball.apk,https://www.sacareasports.net/aboutus.html
com.scandit.demoapp.apk,https://www.scandit.com/get-demo-app/
com.scdgroup.app.audio.book.librivox.apk,https://librivox.org/
com.scholastic.PlanetPilkey.apk,http://www.scholastic.com/PlanetPilkey/dog-man-by-dav-pilkey/
com.science.wishboneapp.apk,https://wishbone.io/
com.scimob.ninetyfour.percent.apk,http://www.94-percent.com/
com.scores365.apk,https://www.365scores.com/en-us
com.sec.penup.apk,https://www.penup.com/
com.sephora.apk,https://www.sephora.com/
com.sevencupsoftea.app.apk,https://www.7cups.com/
com.shoozhoo.imageresizer.apk,https://zooshoo.com/
com.shophush.hush.apk,http://shophush.com/
com.shopify.mobile.apk,https://www.shopify.com/
com.shutterfly.apk,https://www.shutterfly.com/
com.shutterstock.contributor.apk,https://submit.shutterstock.com/
com.sidechef.sidechef.apk,https://www.sidechef.com/
com.simplehabit.simplehabitapp.apk,https://www.simplehabit.com/
com.skimble.workouts.apk,https://www.skimble.com/
com.skype.m.apk,https://www.skype.com/en/
com.slack.apk,https://slack.com/
com.sleekbit.ovuview.apk,http://www.sleekbit.com/
com.smartertime.apk,https://www.ep.com
com.smsrobot.period.apk,http://www.smsrobot.com/
com.snagajob.jobseeker.apk,https://www.snagajob.com/
com.snapfish.mobile.apk,https://www.snapfish.com/home
com.snowcorp.soda.android.apk,http://www.snowcorp.com/
com.sololearn.apk,https://www.sololearn.com/
com.southwestairlines.mobile.apk,https://www.sololearn.com/Play/Python/
com.spilgames.OperateNow2.apk,https://spilgames.com/project/operate-now-hospital/
com.starbucks.mobilecard.apk,https://www.starbucks.com/
com.stoik.mdscanlite.apk,http://www.stoik.com/
com.strava.apk,https://www.strava.com/
com.streamlabs.apk,https://streamlabs.com/
com.stronglifts.app.apk,https://stronglifts.com/
com.stubhub.apk,https://www.stubhub.com/
com.study.app.apk,https://studyapp.com/
com.studyblue.apk,https://www.studyblue.com/
com.stuzo.chevron.apk,https://www.stuzo.com/
com.sudyapp.apk,https://www.sudy.app/
com.Sumdog.App3D.apk,https://www.sumdog.com/
com.surveymonkey.rewards.apk,https://www.surveymonkey.com/rewards
com.symantec.securewifi.apk,https://www.symantec.com/
com.sympla.tickets.apk,https://www.sympla.com.br/
com.tagwalk.tagwalk.apk,https://www.tag-walk.com/
com.tamtris.fertilityfriend.apk,https://www.fertilityfriend.com/
com.ted.android.apk,https://www.ted.com/
com.tellurionmobile.realmcraft.apk,http://www.tellurionmobile.com/
com.textra.apk,https://www.textra.me/
com.thegrizzlylabs.geniusscan.free.apk,https://www.textra.me/
com.theinnerhour.b2b.apk,https://www.theinnerhour.com/
com.thetrainline.apk,https://www.thetrainline.com/
com.thinkpeak.quotescreator.apk,https://thinkpeaktoys.com/
com.ticketmaster.mobile.android.na.apk,https://www.ticketmaster.com/
com.ticketswap.ticketswap.apk,https://www.ticketswap.com/
com.tinytouchtales.cardcrawl.apk,http://www.tinytouchtales.com/
com.tippingcanoe.urlaubspiraten.apk,https://www.travelpirates.com/
com.todoist.apk,https://todoist.com/
com.toomics.global.google.apk,https://toomics.com/
com.tplink.tether.apk,https://www.tp-link.com/
com.trello.apk,https://trello.com/
com.triposo.droidguide.world.apk,https://www.triposo.com/
com.tripoto.apk,https://www.tripoto.com/
com.trivago.apk,https://www.trivago.com/
com.truelancer.app.apk,https://www.truelancer.com/
com.tubitv.apk,https://tubitv.com/
com.tunnelbear.android.apk,https://www.tunnelbear.com/
com.twentythreeandme.app.apk,https://www.23andme.com/
com.ua.record.apk,https://record.underarmour.com/
com.udemy.android.apk,https://www.udemy.com/
com.ulmon.android.citymapsgo.apk,https://www.ulmon.com/
com.ulta.apk,https://www.ulta.com/
com.unacademyapp.apk,https://unacademy.com/
com.univision.uforia.apk,https://corporate.univision.com/portfolio/properties/uforia/
com.urbandictionary.android.apk,https://www.urbandictionary.com/
com.vacationrentals.homeaway.apk,https://www.homeaway.com/
com.valvesoftware.android.steam.friendsui.apk,https://www.valvesoftware.com/
com.venticake.retrica.apk,https://retrica.co/
com.vimage.android.apk,http://vimageapp.com/
com.vividgames.realboxing.apk,https://vividgames.com/
com.volvocars.cbv.apk,https://vividgames.com/
com.voscreen.voscreenapp.apk,https://www.voscreen.com/
com.vsco.cam.apk,https://vsco.co/
com.walmart.android.apk,https://www.walmart.com/
com.waplog.social.apk,https://waplog.com/
com.wayfair.wayfair.apk,https://www.wayfair.com/
com.webascender.callerid.apk,https://www.webascender.com/
com.webshinobis.actlikeaman.apk,https://webshinobis.com/
com.wendys.nutritiontool.apk,https://www.wendys.com/
com.whaleshark.retailmenot.apk,https://www.whalesharksoftware.com/
com.whatsapp.wb.apk,https://www.whatsapp.com/
com.whereismytrain.android.apk,https://whereismytrain.in/
com.whitepages.search.apk,https://www.whitepages.com/
com.windscribe.vpn.apk,https://windscribe.com/
com.woebot.apk,https://woebot.io/
com.womanlog.apk,https://www.womanlog.com/
com.wondershare.filmorago.apk,https://www.wondershare.com/
com.wordreference.apk,https://www.wordreference.com/
com.workday.workdroidapp.apk,https://www.workday.com/
com.workpail.inkpad.notepad.notes.apk,https://www.inkpadnotepad.com/
com.workSPACE.Fraksl.apk,https://www.workspace.com/
com.wowlabs.flowlingo.apk,http://www.wow-labs.com/
com.wsl.noom.apk,https://www.noom.com/
com.yazio.android.apk,https://www.yazio.com/
com.yelp.android.apk,https://www.yelp.com/
com.yodo1.crossyroad.apk,https://www.yodo1.com/
com.yollacalls.apk,https://yollacalls.com/
com.zapptales.android.email.apk,https://www.zapptales.com/
com.zeptolab.ctr.ads.apk,https://www.zeptolab.com/
com.zerodha.kite3.apk,https://zerodha.com/
com.zhixin.roav.cam.apk,https://www.tiktok.com/
com.ziip.apk,https://ziipbeauty.com/
com.ziprecruiter.android.release.apk,https://www.ziprecruiter.com/
com.zoiper.android.app.apk.part,https://www.zoiper.com/
com.zoosk.zoosk.apk,https://www.zoosk.com/
co.sride.apk,https://sride.co/
co.techpositive.photosplit.apk,http://www.techpositive.co/
Cricbuzz.apk,https://www.cricbuzz.com/
Curiosity.apk,https://curiosity.com/
DaddyUp.apk,https://www.daddyup.com/
dailyyoga.apk,https://www.dailyyoga.com/
de.flixbus.app.apk,https://www.flixbus.com/
de.komoot.android.apk,https://www.komoot.com/
Discord.apk,https://discordapp.com/
doctorondemand.apk,https://www.doctorondemand.com/
dropbox.apk,https://www.dropbox.com/
Duo.apk,https://duo.google.com/
duolingo.apk,https://www.duolingo.com/
ebay.apk,https://www.ebay.com/
Endomondo.apk,https://www.endomondo.com/
evernote.apk,https://evernote.com/
facebook.apk,https://www.facebook.com/
FamilyDollar.apk,https://www.familydollar.com/
FEMA.apk,https://www.fema.gov/
Fever.apk,https://feverup.com/
fitbit.apk,https://www.fitbit.com/
flickr.apk,https://www.flickr.com/
foursquare.apk,https://foursquare.com/
FreeInvoiceGenerator.apk,https://invoice-generator.com/
FreeMusic.apk,FreeMusic.apk
fuelio.apk,https://www.fuel.io/
Gametime.apk,https://gametime.co/
glassdoor.apk,https://www.glassdoor.com/
GoodRx.apk,https://www.goodrx.com/
googlepay.apk,https://pay.google.com/
greyhoundlines.apk,http://www.greyhound.com/
Grubhub.apk,https://www.grubhub.com/
Hago.apk,https://ihago.net/
handm.apk,https://www2.hm.com/
Headspaceandmeditation.apk,https://www.headspace.com/
hike.apk,https://my.hikeup.com/
Hily.apk,https://hily.com/
hulu.apk,https://www.hulu.com/
Imgur.apk,https://imgur.com/
imo.apk,https://imo.im/
im.thebot.messenger.apk,https://thebot.net/
in.redbus.android.apk,https://www.redbus.in/
instagram.apk,https://www.instagram.com/
in.sweatco.app.apk,https://sweatco.in/
in.swiggy.android.apk,https://www.swiggy.com/
ipsy.apk,https://www.ipsy.com/
je.fit.apk,https://www.jefit.com/
jetblue.apk,https://www.jetblue.com/
KakaoTalk.apk,https://www.kakaotalk.com
kaspersky.apk,https://usa.kaspersky.com/
kik.android.apk,https://www.kik.com/
Kik.apk,https://www.kik.com/
KoboBooks.apk,https://www.kobo.com/
Kodi.apk,https://kodi.tv/
krispykreme.apk,https://www.krispykreme.com/
Kroger.apk,https://www.kroger.com/
lastpass.apk,https://www.lastpass.com/
life360.apk,https://www.life360.com/
Lifesum.apk,https://lifesum.com/
line.apk,https://line.me/en/
linewebtoon.apk,https://www.webtoons.com/
linkedin.apk,https://www.linkedin.com/
linkedinlearning.apk,https://www.linkedin.com/
LogoMaker.apk,https://www.logomaker.com/
Lomotif.apk,https://www.lomotif.com/
lyft.apk,https://www.lyft.com/
macys.apk,https://www.macys.com/
MangaToon.apk,https://mangatoon.mobi/
mcdonalds.apk,https://www.mcdonalds.com/
Medium.apk,https://medium.com/
MeetMe.apk,https://www.meetme.com/
MeWe.apk,https://mewe.com/
microsoftword.apk,https://www.office.com/
Misfit.apk,https://www.misfit.com/
Mixtiles.apk,https://www.mixtiles.com/
Momentum.apk,https://www.momentum.co.za/
mychart.apk,https://mychart.ochin.org/
MyFitnessPal.apk,https://www.myfitnesspal.com/
netflix.apk,https://www.netflix.com/
net.skyscanner.android.main.apk,https://www.skyscanner.com/
net.sourceforge.opencamera.apk,https://sourceforge.net/
net.wargaming.wot.blitz.apk,https://na.wargaming.net/
net.zedge.android.apk,https://www.zedge.net/
NewsBreak.apk,https://www.newsbreak.com/
nike.apk,https://www.nike.com/
nocrop.photoeditor.squarepic.apk,https://www.fotor.com/
nocrop.photoeditor.squarequick.apk,https://www.fotor.com/
NovaLauncher.apk,http://novalauncher.com/
nytimes.apk,https://www.nytimes.com/
OK.apk,https://www.okcupid.com/
OkCupidDating.apk,https://www.okcupid.com/
org.connectbot.apk,https://connectbot.org/
org.edx.mobile.apk,https://www.edx.org/
org.familysearch.mobile.apk,https://www.familysearch.org/
org.geometerplus.fbreader.plugin.pdf.apk,https://fbreader.org/
org.geometerplus.zlibrary.ui.android.apk,https://fbreader.org/
org.hola.apk,https://hola.org/
org.khanacademy.android.apk,https://www.khanacademy.org/
org.khankids.android.apk,https://www.khanacademy.org/kids
org.leo.android.dict.apk,https://dict.leo.org/
org.ligi.survivalmanual.apk,http://www.ligi.com/
org.me.mobiexpensifyg.apk,https://www.expensify.com/
org.torproject.android.apk,https://www.torproject.org/
org.videolan.vlc.apk,https://www.videolan.org/
org.wikipedia.apk,https://www.wikipedia.org/
org.wikipedia.beta.apk,https://en.wikipedia.org/wiki/Beta
org.xbmc.kodi.apk,https://kodi.tv/
pandaexpress.apk,https://www.pandaexpress.com/
Pandoramusic.apk,https://www.pandora.com/
papajohns.apk,https://www.papajohns.com/
ParkMobile.apk,https://parkmobile.io/
paypal.apk,https://www.paypal.com/
pinterest.apk,https://www.pinterest.com/
pixelab.camart.cartoon.apk,https://download.cnet.com/
PlutoTV.apk,https://pluto.tv/live-tv/
podcastaddict.apk,http://podplayer.net/
pushbullet.apk,https://www.pushbullet.com/
quora.apk,https://www.quora.com/
RadarNow.apk,https://radarnow.org/
realtor.apk,https://www.realtor.com/
Reddit.apk,https://www.reddit.com/
Redfin.apk,https://www.redfin.com/
RiseUp.apk,https://riseup.net/
ru.yandex.mail.apk,https://yandex.com/
SchoolPlanner.apk,https://www.schoolplanner.com/
se.maginteractive.wordbrain.apk,https://www.maginteractive.com/
sephora.apk,https://www.sephora.com/
Skype.apk,https://www.skype.com/en/
skyscanner.apk,https://www.skyscanner.com/
slack.apk,https://slack.com/
SlackerRadio.apk,https://www.slacker.com/
sleepsounds.relaxandsleep.whitenoise.apk,https://sleepsounds.io/
snapchat.apk,https://www.snapchat.com/
Snapseed.apk,https://snapseed.online/
SONIC.apk,https://www.sonicdrivein.com/
SoundCloud.apk,https://soundcloud.com/
Splitwise.apk,https://www.splitwise.com/
spotify.apk,https://www.spotify.com/us/
Target.apk,https://www.target.com/
ted.apk,https://www.ted.com/
TelegramX.apk,https://telegram.org/blog/telegram-x
TheAceFamily.apk,https://shopacefamily.com/
ticketmaster.apk,https://www.ticketmaster.com/
tickpick.apk,https://www.tickpick.com/
ticktick.apk,https://www.ticktick.com/
transferwise.apk,https://transferwise.com/
transit.apk,https://transitapp.com/
tripadvisor.apk,https://www.tripadvisor.com/
tube.video.tubevideo.playtube.apk,https://video-tube-player.en.uptodown.com/
tubitv.apk,https://tubitv.com/
tumblr.apk,https://www.tumblr.com/
tv.pluto.android.apk,https://pluto.tv/
twitter.apk,https://twitter.com/
uber.apk,https://www.uber.com/
uberdriver.apk,https://www.uber.com/
underarmour.apk,https://www.underarmour.com/
Viber.apk,https://www.viber.com/
videoandtvcast.apk,https://video-tv-cast.com/
vsco.apk,https://vsco.co/
vstudio.android.camera.apk,https://visualstudio.microsoft.com/
walmart.apk,https://www.walmart.com/
wanderu.apk,https://www.wanderu.com/
watchespn.apk,http://www.espn.com/
waze.apk,https://www.waze.com/
webnovel.apk,https://www.webnovel.com/
wechat.apk,https://www.wechat.com/en/
WhatsApp.apk,https://www.whatsapp.com/
wordpress.apk,https://wordpress.com/
yahoofantasy.apk,https://sports.yahoo.com/fantasy/
yelp.apk,https://www.yelp.com/
yourphonecompanion.apk,https://www.youper.ai/
Zalo.apk,https://zaloapp.com/
zillow.apk,https://www.zillow.com/
zomato.apk,https://www.zomato.com/
